{
	"name": "foundry-permalinks",
	"title": "Foundry Permalinks",
	"description": "Adds permalinks to dialogs in Foundry.",
	"version": "1.0.5",
	"authors": ["numinit"],
	"scripts": ["bundle.js"],
	"styles": [
		"foundry-permalinks.css"
	],
	"languages": [],
	"compatibility": {
		"minimum": "10",
		"verified": "10"
	},
	"url": "https://github.com/numinit/foundry-permalinks",
	"manifest": "https://raw.githubusercontent.com/numinit/foundry-permalinks/master/src/module.json",
	"download": "https://raw.githubusercontent.com/numinit/foundry-permalinks/v1.0.5/dist/foundry-permalinks-v1.0.5.zip"
}